0x31c898,Effect,Power,Type,Accuracy,PP,Secondary Effect Chance,Target,Priority,Flags,Separator,Separator,Separator
NONE,0x0,0,0x0,0,0,0,0,0,0,0x0,0x0,0x0
POUND,0x0,40,Normal,100,35,0,0,0,51,0x0,0x0,0x0
KARATE_CHOP,0x2b,50,Fighting,100,25,0,0,0,51,0x0,0x0,0x0
DOUBLE_SLAP,0x1d,15,Normal,85,10,0,0,0,51,0x0,0x0,0x0
COMET_PUNCH,0x1d,18,Normal,85,15,0,0,0,51,0x0,0x0,0x0
MEGA_PUNCH,0x0,80,Normal,85,20,0,0,0,51,0x0,0x0,0x0
PAY_DAY,0x22,40,Normal,100,20,100,0,0,50,0x0,0x0,0x0
FIRE_PUNCH,0x4,75,Fire,100,15,10,0,0,19,0x0,0x0,0x0
ICE_PUNCH,0x5,75,Ice,100,15,10,0,0,19,0x0,0x0,0x0
THUNDER_PUNCH,0x6,75,Electric,100,15,10,0,0,19,0x0,0x0,0x0
SCRATCH,0x0,40,Normal,100,35,0,0,0,51,0x0,0x0,0x0
VICE_GRIP,0x0,55,Normal,100,30,0,0,0,51,0x0,0x0,0x0
GUILLOTINE,0x26,1,Normal,30,5,0,0,0,19,0x0,0x0,0x0
RAZOR_WIND,0x27,80,Normal,100,10,0,8,0,50,0x0,0x0,0x0
SWORDS_DANCE,0x32,0,Normal,0,30,0,16,0,8,0x0,0x0,0x0
CUT,0x0,50,Normal,95,30,0,0,0,51,0x0,0x0,0x0
GUST,0x95,40,Flying,100,35,0,0,0,50,0x0,0x0,0x0
WING_ATTACK,0x0,60,Flying,100,35,0,0,0,51,0x0,0x0,0x0
WHIRLWIND,0x1c,0,Normal,100,20,0,0,-6,18,0x0,0x0,0x0
FLY,0x9b,70,Flying,95,15,0,0,0,51,0x0,0x0,0x0
BIND,0x2a,15,Normal,75,20,100,0,0,51,0x0,0x0,0x0
SLAM,0x0,80,Normal,75,20,0,0,0,51,0x0,0x0,0x0
VINE_WHIP,0x0,35,Grass,100,10,0,0,0,51,0x0,0x0,0x0
STOMP,0x96,65,Normal,100,20,30,0,0,19,0x0,0x0,0x0
DOUBLE_KICK,0x2c,30,Fighting,100,30,0,0,0,51,0x0,0x0,0x0
MEGA_KICK,0x0,120,Normal,75,5,0,0,0,51,0x0,0x0,0x0
JUMP_KICK,0x2d,70,Fighting,95,25,0,0,0,51,0x0,0x0,0x0
ROLLING_KICK,0x1f,60,Fighting,85,15,30,0,0,51,0x0,0x0,0x0
SAND_ATTACK,0x17,0,Ground,100,15,0,0,0,22,0x0,0x0,0x0
HEADBUTT,0x1f,70,Normal,100,15,30,0,0,19,0x0,0x0,0x0
HORN_ATTACK,0x0,65,Normal,100,25,0,0,0,51,0x0,0x0,0x0
FURY_ATTACK,0x1d,15,Normal,85,20,0,0,0,51,0x0,0x0,0x0
HORN_DRILL,0x26,1,Normal,30,5,0,0,0,19,0x0,0x0,0x0
TACKLE,0x0,35,Normal,95,35,0,0,0,51,0x0,0x0,0x0
BODY_SLAM,0x6,85,Normal,100,15,30,0,0,19,0x0,0x0,0x0
WRAP,0x2a,15,Normal,85,20,100,0,0,51,0x0,0x0,0x0
TAKE_DOWN,0x30,90,Normal,85,20,0,0,0,51,0x0,0x0,0x0
THRASH,0x1b,90,Normal,100,20,100,4,0,51,0x0,0x0,0x0
DOUBLE_EDGE,0xc6,120,Normal,100,15,0,0,0,51,0x0,0x0,0x0
TAIL_WHIP,0x13,0,Normal,100,30,0,8,0,22,0x0,0x0,0x0
POISON_STING,0x2,15,Poison,100,35,30,0,0,18,0x0,0x0,0x0
TWINEEDLE,0x4d,25,Bug,100,20,20,0,0,18,0x0,0x0,0x0
PIN_MISSILE,0x1d,14,Bug,85,20,0,0,0,50,0x0,0x0,0x0
LEER,0x13,0,Normal,100,30,0,8,0,22,0x0,0x0,0x0
BITE,0x1f,60,Dark,100,25,30,0,0,19,0x0,0x0,0x0
GROWL,0x12,0,Normal,100,40,0,8,0,22,0x0,0x0,0x0
ROAR,0x1c,0,Normal,100,20,0,0,-6,18,0x0,0x0,0x0
SING,0x1,0,Normal,55,15,0,0,0,22,0x0,0x0,0x0
SUPERSONIC,0x31,0,Normal,55,20,0,0,0,22,0x0,0x0,0x0
SONIC_BOOM,0x82,1,Normal,90,20,0,0,0,50,0x0,0x0,0x0
DISABLE,0x56,0,Normal,55,20,0,0,0,18,0x0,0x0,0x0
ACID,0x45,40,Poison,100,30,10,8,0,18,0x0,0x0,0x0
EMBER,0x4,40,Fire,100,25,10,0,0,18,0x0,0x0,0x0
FLAMETHROWER,0x4,95,Fire,100,15,10,0,0,18,0x0,0x0,0x0
MIST,0x2e,0,Ice,0,30,0,16,0,8,0x0,0x0,0x0
WATER_GUN,0x0,40,Water,100,25,0,0,0,50,0x0,0x0,0x0
HYDRO_PUMP,0x0,120,Water,80,5,0,0,0,50,0x0,0x0,0x0
SURF,0x0,95,Water,100,15,0,8,0,50,0x0,0x0,0x0
ICE_BEAM,0x5,95,Ice,100,10,10,0,0,18,0x0,0x0,0x0
BLIZZARD,0x5,120,Ice,70,5,10,8,0,18,0x0,0x0,0x0
PSYBEAM,0x4c,65,Psychic,100,20,10,0,0,18,0x0,0x0,0x0
BUBBLE_BEAM,0x46,65,Water,100,20,10,0,0,18,0x0,0x0,0x0
AURORA_BEAM,0x44,65,Ice,100,20,10,0,0,18,0x0,0x0,0x0
HYPER_BEAM,0x50,150,Normal,90,5,0,0,0,50,0x0,0x0,0x0
PECK,0x0,35,Flying,100,35,0,0,0,51,0x0,0x0,0x0
DRILL_PECK,0x0,80,Flying,100,20,0,0,0,51,0x0,0x0,0x0
SUBMISSION,0x30,80,Fighting,80,25,0,0,0,51,0x0,0x0,0x0
LOW_KICK,0xc4,1,Fighting,100,20,0,0,0,51,0x0,0x0,0x0
COUNTER,0x59,1,Fighting,100,20,0,1,-5,17,0x0,0x0,0x0
SEISMIC_TOSS,0x57,1,Fighting,100,20,0,0,0,51,0x0,0x0,0x0
STRENGTH,0x0,80,Normal,100,15,0,0,0,51,0x0,0x0,0x0
ABSORB,0x3,20,Grass,100,20,0,0,0,18,0x0,0x0,0x0
MEGA_DRAIN,0x3,40,Grass,100,10,0,0,0,18,0x0,0x0,0x0
LEECH_SEED,0x54,0,Grass,90,10,0,0,0,22,0x0,0x0,0x0
GROWTH,0xd,0,Normal,0,40,0,16,0,8,0x0,0x0,0x0
RAZOR_LEAF,0x2b,55,Grass,95,25,0,8,0,50,0x0,0x0,0x0
SOLAR_BEAM,0x97,120,Grass,100,10,0,0,0,50,0x0,0x0,0x0
POISON_POWDER,0x42,0,Poison,75,35,0,0,0,22,0x0,0x0,0x0
STUN_SPORE,0x43,0,Grass,75,30,0,0,0,22,0x0,0x0,0x0
SLEEP_POWDER,0x1,0,Grass,75,15,0,0,0,22,0x0,0x0,0x0
PETAL_DANCE,0x1b,70,Grass,100,20,100,4,0,51,0x0,0x0,0x0
STRING_SHOT,0x14,0,Bug,95,40,0,8,0,22,0x0,0x0,0x0
DRAGON_RAGE,0x29,1,Dragon,100,10,0,0,0,50,0x0,0x0,0x0
FIRE_SPIN,0x2a,15,Fire,70,15,100,0,0,50,0x0,0x0,0x0
THUNDER_SHOCK,0x6,40,Electric,100,30,10,0,0,18,0x0,0x0,0x0
THUNDERBOLT,0x6,95,Electric,100,15,10,0,0,18,0x0,0x0,0x0
THUNDER_WAVE,0x43,0,Electric,100,20,0,0,0,22,0x0,0x0,0x0
THUNDER,0x98,120,Electric,70,10,30,0,0,18,0x0,0x0,0x0
ROCK_THROW,0x0,50,Rock,90,15,0,0,0,50,0x0,0x0,0x0
EARTHQUAKE,0x93,100,Ground,100,10,0,32,0,50,0x0,0x0,0x0
FISSURE,0x26,1,Ground,30,5,0,0,0,18,0x0,0x0,0x0
DIG,0x9b,60,Ground,100,10,0,0,0,51,0x0,0x0,0x0
TOXIC,0x21,0,Poison,85,10,100,0,0,22,0x0,0x0,0x0
CONFUSION,0x4c,50,Psychic,100,25,10,0,0,18,0x0,0x0,0x0
PSYCHIC,0x48,90,Psychic,100,10,10,0,0,18,0x0,0x0,0x0
HYPNOSIS,0x1,0,Psychic,60,20,0,0,0,22,0x0,0x0,0x0
MEDITATE,0xa,0,Psychic,0,40,0,16,0,8,0x0,0x0,0x0
AGILITY,0x34,0,Psychic,0,30,0,16,0,8,0x0,0x0,0x0
QUICK_ATTACK,0x67,40,Normal,100,30,0,0,1,51,0x0,0x0,0x0
RAGE,0x51,20,Normal,100,20,0,0,0,51,0x0,0x0,0x0
TELEPORT,0x99,0,Psychic,0,20,0,16,0,0,0x0,0x0,0x0
NIGHT_SHADE,0x57,1,Ghost,100,15,0,0,0,50,0x0,0x0,0x0
MIMIC,0x52,0,Normal,100,10,0,0,0,2,0x0,0x0,0x0
SCREECH,0x3b,0,Normal,85,40,0,0,0,22,0x0,0x0,0x0
DOUBLE_TEAM,0x10,0,Normal,0,15,0,16,0,8,0x0,0x0,0x0
RECOVER,0x20,0,Normal,0,20,0,16,0,8,0x0,0x0,0x0
HARDEN,0xb,0,Normal,0,30,0,16,0,8,0x0,0x0,0x0
MINIMIZE,0x6c,0,Normal,0,20,0,16,0,8,0x0,0x0,0x0
SMOKESCREEN,0x17,0,Normal,100,20,0,0,0,22,0x0,0x0,0x0
CONFUSE_RAY,0x31,0,Ghost,100,10,0,0,0,22,0x0,0x0,0x0
WITHDRAW,0xb,0,Water,0,40,0,16,0,8,0x0,0x0,0x0
DEFENSE_CURL,0x9c,0,Normal,0,40,0,16,0,8,0x0,0x0,0x0
BARRIER,0x33,0,Psychic,0,30,0,16,0,8,0x0,0x0,0x0
LIGHT_SCREEN,0x23,0,Psychic,0,30,0,16,0,8,0x0,0x0,0x0
HAZE,0x19,0,Ice,0,30,0,16,0,2,0x0,0x0,0x0
REFLECT,0x41,0,Psychic,0,20,0,16,0,8,0x0,0x0,0x0
FOCUS_ENERGY,0x2f,0,Normal,0,30,0,16,0,8,0x0,0x0,0x0
BIDE,0x1a,1,Normal,100,10,0,16,0,35,0x0,0x0,0x0
METRONOME,0x53,0,Normal,0,10,0,1,0,0,0x0,0x0,0x0
MIRROR_MOVE,0x9,0,Flying,0,20,0,1,0,0,0x0,0x0,0x0
SELF_DESTRUCT,0x7,200,Normal,100,5,0,32,0,50,0x0,0x0,0x0
EGG_BOMB,0x0,100,Normal,75,10,0,0,0,50,0x0,0x0,0x0
LICK,0x6,20,Ghost,100,30,30,0,0,19,0x0,0x0,0x0
SMOG,0x2,20,Poison,70,20,40,0,0,18,0x0,0x0,0x0
SLUDGE,0x2,65,Poison,100,20,30,0,0,18,0x0,0x0,0x0
BONE_CLUB,0x1f,65,Ground,85,20,10,0,0,18,0x0,0x0,0x0
FIRE_BLAST,0x4,120,Fire,85,5,10,0,0,18,0x0,0x0,0x0
WATERFALL,0x0,80,Water,100,15,0,0,0,51,0x0,0x0,0x0
CLAMP,0x2a,35,Water,75,10,100,0,0,51,0x0,0x0,0x0
SWIFT,0x11,60,Normal,0,20,0,8,0,50,0x0,0x0,0x0
SKULL_BASH,0x91,100,Normal,100,15,0,0,0,51,0x0,0x0,0x0
SPIKE_CANNON,0x1d,20,Normal,100,15,0,0,0,50,0x0,0x0,0x0
CONSTRICT,0x46,10,Normal,100,35,10,0,0,19,0x0,0x0,0x0
AMNESIA,0x36,0,Psychic,0,20,0,16,0,8,0x0,0x0,0x0
KINESIS,0x17,0,Psychic,80,15,0,0,0,18,0x0,0x0,0x0
SOFT_BOILED,0x9d,0,Normal,100,10,0,16,0,24,0x0,0x0,0x0
HI_JUMP_KICK,0x2d,85,Fighting,90,20,0,0,0,51,0x0,0x0,0x0
GLARE,0x43,0,Normal,75,30,0,0,0,22,0x0,0x0,0x0
DREAM_EATER,0x8,100,Psychic,100,15,0,0,0,18,0x0,0x0,0x0
POISON_GAS,0x42,0,Poison,55,40,0,0,0,22,0x0,0x0,0x0
BARRAGE,0x1d,15,Normal,85,20,0,0,0,50,0x0,0x0,0x0
LEECH_LIFE,0x3,20,Bug,100,15,0,0,0,19,0x0,0x0,0x0
LOVELY_KISS,0x1,0,Normal,75,10,0,0,0,22,0x0,0x0,0x0
SKY_ATTACK,0x4b,140,Flying,90,5,30,0,0,50,0x0,0x0,0x0
TRANSFORM,0x39,0,Normal,0,10,0,0,0,0,0x0,0x0,0x0
BUBBLE,0x46,20,Water,100,30,10,8,0,18,0x0,0x0,0x0
DIZZY_PUNCH,0x4c,70,Normal,100,10,20,0,0,19,0x0,0x0,0x0
SPORE,0x1,0,Grass,100,15,0,0,0,22,0x0,0x0,0x0
FLASH,0x17,0,Normal,70,20,0,0,0,22,0x0,0x0,0x0
PSYWAVE,0x58,1,Psychic,80,15,0,0,0,50,0x0,0x0,0x0
SPLASH,0x55,0,Normal,0,40,0,16,0,0,0x0,0x0,0x0
ACID_ARMOR,0x33,0,Poison,0,40,0,16,0,8,0x0,0x0,0x0
CRABHAMMER,0x2b,90,Water,85,10,0,0,0,51,0x0,0x0,0x0
EXPLOSION,0x7,250,Normal,100,5,0,32,0,50,0x0,0x0,0x0
FURY_SWIPES,0x1d,18,Normal,80,15,0,0,0,51,0x0,0x0,0x0
BONEMERANG,0x2c,50,Ground,90,10,0,0,0,50,0x0,0x0,0x0
REST,0x25,0,Psychic,0,10,0,16,0,8,0x0,0x0,0x0
ROCK_SLIDE,0x1f,75,Rock,90,10,30,8,0,18,0x0,0x0,0x0
HYPER_FANG,0x1f,80,Normal,90,15,10,0,0,19,0x0,0x0,0x0
SHARPEN,0xa,0,Normal,0,30,0,16,0,8,0x0,0x0,0x0
CONVERSION,0x1e,0,Normal,0,30,0,16,0,0,0x0,0x0,0x0
TRI_ATTACK,0x24,80,Normal,100,10,20,0,0,18,0x0,0x0,0x0
SUPER_FANG,0x28,1,Normal,90,10,0,0,0,19,0x0,0x0,0x0
SLASH,0x2b,70,Normal,100,20,0,0,0,51,0x0,0x0,0x0
SUBSTITUTE,0x4f,0,Normal,0,10,0,16,0,8,0x0,0x0,0x0
STRUGGLE,0x30,50,Normal,100,1,0,0,0,51,0x0,0x0,0x0
SKETCH,0x5f,0,Normal,0,1,0,0,0,0,0x0,0x0,0x0
TRIPLE_KICK,0x68,10,Fighting,90,10,0,0,0,51,0x0,0x0,0x0
THIEF,0x69,40,Dark,100,10,100,0,0,19,0x0,0x0,0x0
SPIDER_WEB,0x6a,0,Bug,100,10,0,0,0,22,0x0,0x0,0x0
MIND_READER,0x5e,0,Normal,100,5,0,0,0,18,0x0,0x0,0x0
NIGHTMARE,0x6b,0,Ghost,100,15,0,0,0,18,0x0,0x0,0x0
FLAME_WHEEL,0x7d,60,Fire,100,25,10,0,0,19,0x0,0x0,0x0
SNORE,0x5c,40,Normal,100,15,30,0,0,50,0x0,0x0,0x0
CURSE,0x6d,0,CurseType,0,10,0,0,0,0,0x0,0x0,0x0
FLAIL,0x63,1,Normal,100,15,0,0,0,51,0x0,0x0,0x0
CONVERSION_2,0x5d,0,Normal,100,30,0,16,0,0,0x0,0x0,0x0
AEROBLAST,0x2b,100,Flying,95,5,0,0,0,50,0x0,0x0,0x0
COTTON_SPORE,0x3c,0,Grass,85,40,0,0,0,22,0x0,0x0,0x0
REVERSAL,0x63,1,Fighting,100,15,0,0,0,51,0x0,0x0,0x0
SPITE,0x64,0,Ghost,100,10,0,0,0,18,0x0,0x0,0x0
POWDER_SNOW,0x5,40,Ice,100,25,10,8,0,18,0x0,0x0,0x0
PROTECT,0x6f,0,Normal,0,10,0,16,3,0,0x0,0x0,0x0
MACH_PUNCH,0x67,40,Fighting,100,30,0,0,1,51,0x0,0x0,0x0
SCARY_FACE,0x3c,0,Normal,90,10,0,0,0,22,0x0,0x0,0x0
FAINT_ATTACK,0x11,60,Dark,0,20,0,0,0,50,0x0,0x0,0x0
SWEET_KISS,0x31,0,Normal,75,10,0,0,0,22,0x0,0x0,0x0
BELLY_DRUM,0x8e,0,Normal,0,10,0,16,0,8,0x0,0x0,0x0
SLUDGE_BOMB,0x2,90,Poison,100,10,30,0,0,18,0x0,0x0,0x0
MUD_SLAP,0x49,20,Ground,100,10,100,0,0,18,0x0,0x0,0x0
OCTAZOOKA,0x49,65,Water,85,10,50,0,0,18,0x0,0x0,0x0
SPIKES,0x70,0,Ground,0,20,0,64,0,0,0x0,0x0,0x0
ZAP_CANNON,0x6,100,Electric,50,5,100,0,0,18,0x0,0x0,0x0
FORESIGHT,0x71,0,Normal,100,40,0,0,0,18,0x0,0x0,0x0
DESTINY_BOND,0x62,0,Ghost,0,5,0,16,0,0,0x0,0x0,0x0
PERISH_SONG,0x72,0,Normal,0,5,0,16,0,0,0x0,0x0,0x0
ICY_WIND,0x46,55,Ice,95,15,100,8,0,18,0x0,0x0,0x0
DETECT,0x6f,0,Fighting,0,5,0,16,3,0,0x0,0x0,0x0
BONE_RUSH,0x1d,25,Ground,80,10,0,0,0,50,0x0,0x0,0x0
LOCK_ON,0x5e,0,Normal,100,5,0,0,0,18,0x0,0x0,0x0
OUTRAGE,0x1b,90,Dragon,100,15,100,4,0,51,0x0,0x0,0x0
SANDSTORM,0x73,0,Rock,0,10,0,16,0,0,0x0,0x0,0x0
GIGA_DRAIN,0x3,60,Grass,100,5,0,0,0,18,0x0,0x0,0x0
ENDURE,0x74,0,Normal,0,10,0,16,3,0,0x0,0x0,0x0
CHARM,0x3a,0,Normal,100,20,0,0,0,22,0x0,0x0,0x0
ROLLOUT,0x75,30,Rock,90,20,0,0,0,51,0x0,0x0,0x0
FALSE_SWIPE,0x65,40,Normal,100,40,0,0,0,51,0x0,0x0,0x0
SWAGGER,0x76,0,Normal,90,15,100,0,0,22,0x0,0x0,0x0
MILK_DRINK,0x9d,0,Normal,0,10,0,16,0,10,0x0,0x0,0x0
SPARK,0x6,65,Electric,100,20,30,0,0,19,0x0,0x0,0x0
FURY_CUTTER,0x77,10,Bug,95,20,0,0,0,51,0x0,0x0,0x0
STEEL_WING,0x8a,70,Steel,90,25,10,0,0,51,0x0,0x0,0x0
MEAN_LOOK,0x6a,0,Normal,100,5,0,0,0,22,0x0,0x0,0x0
ATTRACT,0x78,0,Normal,100,15,0,0,0,22,0x0,0x0,0x0
SLEEP_TALK,0x61,0,Normal,0,10,0,1,0,0,0x0,0x0,0x0
HEAL_BELL,0x66,0,Normal,0,5,0,16,0,8,0x0,0x0,0x0
RETURN,0x79,1,Normal,100,20,0,0,0,51,0x0,0x0,0x0
PRESENT,0x7a,1,Normal,90,15,0,0,0,18,0x0,0x0,0x0
FRUSTRATION,0x7b,1,Normal,100,20,0,0,0,51,0x0,0x0,0x0
SAFEGUARD,0x7c,0,Normal,0,25,0,16,0,8,0x0,0x0,0x0
PAIN_SPLIT,0x5b,0,Normal,100,20,0,0,0,18,0x0,0x0,0x0
SACRED_FIRE,0x7d,100,Fire,95,5,50,0,0,18,0x0,0x0,0x0
MAGNITUDE,0x7e,1,Ground,100,30,0,32,0,50,0x0,0x0,0x0
DYNAMIC_PUNCH,0x4c,100,Fighting,50,5,100,0,0,19,0x0,0x0,0x0
MEGAHORN,0x0,120,Bug,85,10,0,0,0,51,0x0,0x0,0x0
DRAGON_BREATH,0x6,60,Dragon,100,20,30,0,0,50,0x0,0x0,0x0
BATON_PASS,0x7f,0,Normal,0,40,0,16,0,0,0x0,0x0,0x0
ENCORE,0x5a,0,Normal,100,5,0,0,0,18,0x0,0x0,0x0
PURSUIT,0x80,40,Dark,100,20,0,0,0,19,0x0,0x0,0x0
RAPID_SPIN,0x81,20,Normal,100,40,0,0,0,51,0x0,0x0,0x0
SWEET_SCENT,0x18,0,Normal,100,20,0,8,0,22,0x0,0x0,0x0
IRON_TAIL,0x45,100,Steel,75,15,30,0,0,19,0x0,0x0,0x0
METAL_CLAW,0x8b,50,Steel,95,35,10,0,0,19,0x0,0x0,0x0
VITAL_THROW,0x4e,70,Fighting,100,10,0,0,-1,51,0x0,0x0,0x0
MORNING_SUN,0x84,0,Normal,0,5,0,16,0,8,0x0,0x0,0x0
SYNTHESIS,0x85,0,Grass,0,5,0,16,0,8,0x0,0x0,0x0
MOONLIGHT,0x86,0,Normal,0,5,0,16,0,8,0x0,0x0,0x0
HIDDEN_POWER,0x87,1,Normal,100,15,0,0,0,50,0x0,0x0,0x0
CROSS_CHOP,0x2b,100,Fighting,80,5,0,0,0,51,0x0,0x0,0x0
TWISTER,0x92,40,Dragon,100,20,20,8,0,50,0x0,0x0,0x0
RAIN_DANCE,0x88,0,Water,0,5,0,16,0,0,0x0,0x0,0x0
SUNNY_DAY,0x89,0,Fire,0,5,0,16,0,0,0x0,0x0,0x0
CRUNCH,0x48,80,Dark,100,15,20,0,0,19,0x0,0x0,0x0
MIRROR_COAT,0x90,1,Psychic,100,20,0,1,-5,16,0x0,0x0,0x0
PSYCH_UP,0x8f,0,Normal,0,10,0,0,0,8,0x0,0x0,0x0
EXTREME_SPEED,0x67,80,Normal,100,5,0,0,1,51,0x0,0x0,0x0
ANCIENT_POWER,0x8c,60,Rock,100,5,10,0,0,19,0x0,0x0,0x0
SHADOW_BALL,0x48,80,Ghost,100,15,20,0,0,18,0x0,0x0,0x0
FUTURE_SIGHT,0x94,80,Psychic,90,15,0,0,0,0,0x0,0x0,0x0
ROCK_SMASH,0x45,20,Fighting,100,15,50,0,0,19,0x0,0x0,0x0
WHIRLPOOL,0x2a,15,Water,70,15,100,0,0,50,0x0,0x0,0x0
BEAT_UP,0x9a,10,Dark,100,10,0,0,0,50,0x0,0x0,0x0
FAKE_OUT,0x9e,40,Normal,100,10,0,0,1,18,0x0,0x0,0x0
UPROAR,0x9f,50,Normal,100,10,100,4,0,50,0x0,0x0,0x0
STOCKPILE,0xa0,0,Normal,0,10,0,16,0,8,0x0,0x0,0x0
SPIT_UP,0xa1,100,Normal,100,10,0,0,0,34,0x0,0x0,0x0
SWALLOW,0xa2,0,Normal,0,10,0,16,0,8,0x0,0x0,0x0
HEAT_WAVE,0x4,100,Fire,90,10,10,8,0,18,0x0,0x0,0x0
HAIL,0xa4,0,Ice,0,10,0,16,0,2,0x0,0x0,0x0
TORMENT,0xa5,0,Dark,100,15,0,0,0,18,0x0,0x0,0x0
FLATTER,0xa6,0,Dark,100,15,0,0,0,22,0x0,0x0,0x0
WILL_O_WISP,0xa7,0,Fire,75,15,0,0,0,22,0x0,0x0,0x0
MEMENTO,0xa8,0,Dark,100,10,0,0,0,18,0x0,0x0,0x0
FACADE,0xa9,70,Normal,100,20,0,0,0,19,0x0,0x0,0x0
FOCUS_PUNCH,0xaa,150,Fighting,100,20,0,0,-3,3,0x0,0x0,0x0
SMELLING_SALT,0xab,60,Normal,100,10,0,0,0,19,0x0,0x0,0x0
FOLLOW_ME,0xac,0,Normal,100,20,0,16,3,0,0x0,0x0,0x0
NATURE_POWER,0xad,0,Normal,95,20,0,1,0,0,0x0,0x0,0x0
CHARGE,0xae,0,Electric,100,20,0,16,0,8,0x0,0x0,0x0
TAUNT,0xaf,0,Dark,100,20,0,0,0,2,0x0,0x0,0x0
HELPING_HAND,0xb0,0,Normal,100,20,0,16,5,0,0x0,0x0,0x0
TRICK,0xb1,0,Psychic,100,10,0,0,0,18,0x0,0x0,0x0
ROLE_PLAY,0xb2,0,Psychic,100,10,0,0,0,0,0x0,0x0,0x0
WISH,0xb3,0,Normal,100,10,0,16,0,2,0x0,0x0,0x0
ASSIST,0xb4,0,Normal,100,20,0,1,0,0,0x0,0x0,0x0
INGRAIN,0xb5,0,Grass,100,20,0,16,0,8,0x0,0x0,0x0
SUPERPOWER,0xb6,120,Fighting,100,5,0,0,0,19,0x0,0x0,0x0
MAGIC_COAT,0xb7,0,Psychic,100,15,0,1,4,0,0x0,0x0,0x0
RECYCLE,0xb8,0,Normal,100,10,0,16,0,0,0x0,0x0,0x0
REVENGE,0xb9,60,Fighting,100,10,0,0,-4,51,0x0,0x0,0x0
BRICK_BREAK,0xba,75,Fighting,100,15,0,0,0,51,0x0,0x0,0x0
YAWN,0xbb,0,Normal,100,10,0,0,0,22,0x0,0x0,0x0
KNOCK_OFF,0xbc,20,Dark,100,20,100,0,0,19,0x0,0x0,0x0
ENDEAVOR,0xbd,1,Normal,100,5,0,0,0,51,0x0,0x0,0x0
ERUPTION,0xbe,150,Fire,100,5,0,8,0,50,0x0,0x0,0x0
SKILL_SWAP,0xbf,0,Psychic,100,10,0,0,0,18,0x0,0x0,0x0
IMPRISON,0xc0,0,Psychic,100,10,0,16,0,2,0x0,0x0,0x0
REFRESH,0xc1,0,Normal,100,20,0,16,0,8,0x0,0x0,0x0
GRUDGE,0xc2,0,Ghost,100,5,0,16,0,18,0x0,0x0,0x0
SNATCH,0xc3,0,Dark,100,10,0,1,4,16,0x0,0x0,0x0
SECRET_POWER,0xc5,70,Normal,100,20,30,0,0,18,0x0,0x0,0x0
DIVE,0x9b,60,Water,100,10,0,0,0,51,0x0,0x0,0x0
ARM_THRUST,0x1d,15,Fighting,100,20,0,0,0,51,0x0,0x0,0x0
CAMOUFLAGE,0xd5,0,Normal,100,20,0,16,0,8,0x0,0x0,0x0
TAIL_GLOW,0x35,0,Bug,100,20,0,16,0,8,0x0,0x0,0x0
LUSTER_PURGE,0x48,70,Psychic,100,5,50,0,0,18,0x0,0x0,0x0
MIST_BALL,0x47,70,Psychic,100,5,50,0,0,18,0x0,0x0,0x0
FEATHER_DANCE,0x3a,0,Flying,100,15,0,0,0,22,0x0,0x0,0x0
TEETER_DANCE,0xc7,0,Normal,100,20,0,32,0,2,0x0,0x0,0x0
BLAZE_KICK,0xc8,85,Fire,90,10,10,0,0,19,0x0,0x0,0x0
MUD_SPORT,0xc9,0,Ground,100,15,0,16,0,0,0x0,0x0,0x0
ICE_BALL,0x75,30,Ice,90,20,0,0,0,51,0x0,0x0,0x0
NEEDLE_ARM,0x96,60,Grass,100,15,30,0,0,19,0x0,0x0,0x0
SLACK_OFF,0x20,0,Normal,100,10,0,16,0,8,0x0,0x0,0x0
HYPER_VOICE,0x0,90,Normal,100,10,0,8,0,18,0x0,0x0,0x0
POISON_FANG,0xca,50,Poison,100,15,30,0,0,19,0x0,0x0,0x0
CRUSH_CLAW,0x45,75,Normal,95,10,50,0,0,19,0x0,0x0,0x0
BLAST_BURN,0x50,150,Fire,90,5,0,0,0,50,0x0,0x0,0x0
HYDRO_CANNON,0x50,150,Water,90,5,0,0,0,50,0x0,0x0,0x0
METEOR_MASH,0x8b,100,Steel,85,10,20,0,0,51,0x0,0x0,0x0
ASTONISH,0x96,30,Ghost,100,15,30,0,0,19,0x0,0x0,0x0
WEATHER_BALL,0xcb,50,Normal,100,10,0,0,0,50,0x0,0x0,0x0
AROMATHERAPY,0x66,0,Grass,0,5,0,16,0,8,0x0,0x0,0x0
FAKE_TEARS,0x3e,0,Dark,100,20,0,0,0,22,0x0,0x0,0x0
AIR_CUTTER,0x2b,55,Flying,95,25,0,8,0,50,0x0,0x0,0x0
OVERHEAT,0xcc,140,Fire,90,5,100,0,0,51,0x0,0x0,0x0
ODOR_SLEUTH,0x71,0,Normal,100,40,0,0,0,18,0x0,0x0,0x0
ROCK_TOMB,0x46,50,Rock,80,10,100,0,0,18,0x0,0x0,0x0
SILVER_WIND,0x8c,60,Bug,100,5,10,0,0,50,0x0,0x0,0x0
METAL_SOUND,0x3e,0,Steel,85,40,0,0,0,22,0x0,0x0,0x0
GRASS_WHISTLE,0x1,0,Grass,55,15,0,0,0,22,0x0,0x0,0x0
TICKLE,0xcd,0,Normal,100,20,0,0,0,54,0x0,0x0,0x0
COSMIC_POWER,0xce,0,Psychic,0,20,0,16,0,8,0x0,0x0,0x0
WATER_SPOUT,0xbe,150,Water,100,5,0,8,0,18,0x0,0x0,0x0
SIGNAL_BEAM,0x4c,75,Bug,100,15,10,0,0,50,0x0,0x0,0x0
SHADOW_PUNCH,0x11,60,Ghost,0,20,0,0,0,51,0x0,0x0,0x0
EXTRASENSORY,0x96,80,Psychic,100,30,10,0,0,18,0x0,0x0,0x0
SKY_UPPERCUT,0xcf,85,Fighting,90,15,0,0,0,51,0x0,0x0,0x0
SAND_TOMB,0x2a,15,Ground,70,15,100,0,0,50,0x0,0x0,0x0
SHEER_COLD,0x26,1,Ice,30,5,0,0,0,18,0x0,0x0,0x0
MUDDY_WATER,0x49,95,Water,85,10,30,8,0,50,0x0,0x0,0x0
BULLET_SEED,0x1d,10,Grass,100,30,0,0,0,50,0x0,0x0,0x0
AERIAL_ACE,0x11,60,Flying,0,20,0,0,0,51,0x0,0x0,0x0
ICICLE_SPEAR,0x1d,10,Ice,100,30,0,0,0,50,0x0,0x0,0x0
IRON_DEFENSE,0x33,0,Steel,0,15,0,16,0,8,0x0,0x0,0x0
BLOCK,0x6a,0,Normal,100,5,0,0,0,22,0x0,0x0,0x0
HOWL,0xa,0,Normal,0,40,0,16,0,8,0x0,0x0,0x0
DRAGON_CLAW,0x0,80,Dragon,100,15,0,0,0,51,0x0,0x0,0x0
FRENZY_PLANT,0x50,150,Grass,90,5,0,0,0,50,0x0,0x0,0x0
BULK_UP,0xd0,0,Fighting,0,20,0,16,0,8,0x0,0x0,0x0
BOUNCE,0x9b,85,Flying,85,5,30,0,0,51,0x0,0x0,0x0
MUD_SHOT,0x46,55,Ground,95,15,100,0,0,50,0x0,0x0,0x0
POISON_TAIL,0xd1,50,Poison,100,25,10,0,0,51,0x0,0x0,0x0
COVET,0x69,40,Normal,100,40,100,0,0,18,0x0,0x0,0x0
VOLT_TACKLE,0xc6,120,Electric,100,15,0,0,0,51,0x0,0x0,0x0
MAGICAL_LEAF,0x11,60,Grass,0,20,0,0,0,50,0x0,0x0,0x0
WATER_SPORT,0xd2,0,Water,100,15,0,16,0,0,0x0,0x0,0x0
CALM_MIND,0xd3,0,Psychic,0,20,0,16,0,8,0x0,0x0,0x0
LEAF_BLADE,0x2b,70,Grass,100,15,0,0,0,51,0x0,0x0,0x0
DRAGON_DANCE,0xd4,0,Dragon,0,20,0,16,0,8,0x0,0x0,0x0
ROCK_BLAST,0x1d,25,Rock,80,10,0,0,0,50,0x0,0x0,0x0
SHOCK_WAVE,0x11,60,Electric,0,20,0,0,0,50,0x0,0x0,0x0
WATER_PULSE,0x4c,60,Water,100,20,20,0,0,50,0x0,0x0,0x0
DOOM_DESIRE,0x94,120,Steel,85,5,0,0,0,0,0x0,0x0,0x0
PSYCHO_BOOST,0xcc,140,Psychic,90,5,100,0,0,50,0x0,0x0,0x0
